<?xml version="1.0" encoding="UTF-8"?>
<pwg:Print3DJobTicket xsi:schemaLocation="http://www.pwg.org/schemas/2016/12/sm PrintJobTicket.xsd" xmlns:dcterms="http://purl.org/dc/terms/" xmlns:pwg="http://www.pwg.org/schemas/2016/12/sm" xmlns:xsi="http://www.w3.org/2001/XMLSchema-instance">
	<pwg:Print3DDocumentProcessing>
		<pwg:Copies>1</pwg:Copies>
		<pwg:OutputDevice>Device1</pwg:OutputDevice>
		<pwg:MaterialsCol>
			<pwg:MaterialAmount>100</pwg:MaterialAmount>
			<pwg:MaterialAmountUnits>ml</pwg:MaterialAmountUnits>
			<pwg:MaterialColor>white</pwg:MaterialColor>
			<pwg:MaterialDiameter>
				<pwg:Lowerbound>95</pwg:Lowerbound>
				<pwg:Upperbound>105</pwg:Upperbound>
			</pwg:MaterialDiameter>
			<pwg:MaterialFillDensity>95</pwg:MaterialFillDensity>
			<pwg:MaterialKey>NMTOKEN</pwg:MaterialKey>
			<pwg:MaterialName>TestMaterial</pwg:MaterialName>
			<pwg:MaterialPurpose>
				<pwg:Purpose>all</pwg:Purpose>
			</pwg:MaterialPurpose>
			<pwg:MaterialRate>
				<pwg:Lowerbound>95</pwg:Lowerbound>
				<pwg:Upperbound>100</pwg:Upperbound>
			</pwg:MaterialRate>
			<pwg:MaterialRateUnit>ml_second</pwg:MaterialRateUnit>
			<pwg:MaterialShellThickness>
				<pwg:Lowerbound>95</pwg:Lowerbound>
				<pwg:Upperbound>105</pwg:Upperbound>
			</pwg:MaterialShellThickness>
			<pwg:MaterialTemperature>
				<pwg:Lowerbound>95</pwg:Lowerbound>
				<pwg:Upperbound>105</pwg:Upperbound>
			</pwg:MaterialTemperature>
			<pwg:MaterialType>wax</pwg:MaterialType>
		</pwg:MaterialsCol>
		<pwg:PrintAccuracy>
			<pwg:AccuracyUnits>um</pwg:AccuracyUnits>
			<pwg:X>5</pwg:X>
			<pwg:Y>5</pwg:Y>
			<pwg:Z>5</pwg:Z>
		</pwg:PrintAccuracy>
		<pwg:PrinterBedTemperature>100</pwg:PrinterBedTemperature>
		<pwg:PrintRafts>standard</pwg:PrintRafts>
		<pwg:PrintSupports>standard</pwg:PrintSupports>
		<pwg:PrintObject>ObjectSize</pwg:PrintObject>
		<pwg:Quality>Fine</pwg:Quality>
	</pwg:Print3DDocumentProcessing>
	<pwg:Print3DJobDescription>
		<pwg:CompressionSupplied>Compress</pwg:CompressionSupplied>
		<pwg:DocumentDigitalSignatureSupplied>Pgp</pwg:DocumentDigitalSignatureSupplied>
		<pwg:DocumentFormatDetailsSupplied>
			<pwg:DocumentFormat>application/pdf</pwg:DocumentFormat>
			<pwg:DocumentFormatDeviceId>de6dbb0d-532a-4623-b6c7-22d2db0dec07</pwg:DocumentFormatDeviceId>
			<pwg:DocumentFormatVersion>1.7</pwg:DocumentFormatVersion>
			<pwg:DocumentNaturalLanguage>en-us</pwg:DocumentNaturalLanguage>
			<pwg:DocumentSourceApplicationName>Secret3DApp</pwg:DocumentSourceApplicationName>
			<pwg:DocumentSourceApplicationVersion>1.7</pwg:DocumentSourceApplicationVersion>
			<pwg:DocumentSourceOsName>osx</pwg:DocumentSourceOsName>
			<pwg:DocumentSourceOsVersion>10.11</pwg:DocumentSourceOsVersion>
		</pwg:DocumentFormatDetailsSupplied>
		<pwg:DocumentFormatSupplied>application/pdf</pwg:DocumentFormatSupplied>
		<pwg:DocumentFormatVersionSupplied>1.7</pwg:DocumentFormatVersionSupplied>
		<pwg:DocumentMessageSupplied>Print Me</pwg:DocumentMessageSupplied>
		<pwg:DocumentNameSupplied>3DPrintDocument1</pwg:DocumentNameSupplied>
		<pwg:ElementsNaturalLanguage>en-us</pwg:ElementsNaturalLanguage>
		<pwg:JobAccountingID>Account1</pwg:JobAccountingID>
		<pwg:JobAccountingUserID>FirstLast</pwg:JobAccountingUserID>
		<pwg:JobMessageFromOperator>G'Day</pwg:JobMessageFromOperator>
		<pwg:JobMessageToOperator>Hi</pwg:JobMessageToOperator>
		<pwg:JobMoreInfo>http://example.com/Users/FirstLast/jobs/3DPrintJob1</pwg:JobMoreInfo>
		<pwg:JobName>3DPrintJob1</pwg:JobName>
		<pwg:JobOriginatingUserName>FirstLast</pwg:JobOriginatingUserName>
		<pwg:JobOriginatingUserUri>http://example.com/Users/FirstLast</pwg:JobOriginatingUserUri>
		<pwg:KOctets>1024</pwg:KOctets>
	</pwg:Print3DJobDescription>
	<pwg:Print3DJobProcessing>
		<pwg:JobDelayOutputUntil>ThirdShift</pwg:JobDelayOutputUntil>
		<pwg:JobErrorAction>ContinueJob</pwg:JobErrorAction>
		<pwg:JobHoldUntil>ThirdShift</pwg:JobHoldUntil>
		<pwg:JobMandatoryElements>
			<pwg:JobMandatoryElement>JobSaveDisposition</pwg:JobMandatoryElement>
		</pwg:JobMandatoryElements>
		<pwg:JobPhoneNumber>tel:1-555-555-5555</pwg:JobPhoneNumber>
		<pwg:JobPriority>50</pwg:JobPriority>
		<pwg:JobRecipientName>First Last</pwg:JobRecipientName>
		<pwg:JobCopies>1</pwg:JobCopies>
		<pwg:JobSaveDisposition>
			<pwg:SaveDisposition>PrintSave</pwg:SaveDisposition>
			<pwg:SaveInfo>
				<pwg:SaveDocumentFormat>application/pdf</pwg:SaveDocumentFormat>
				<pwg:SaveLocation>http://example.com/filestore</pwg:SaveLocation>
				<pwg:SaveName>3DPrintFile1</pwg:SaveName>
			</pwg:SaveInfo>
		</pwg:JobSaveDisposition>
		<pwg:OutputDevice>Device1</pwg:OutputDevice>
		<pwg:MultipleDocumentsHandling>SingleDocument</pwg:MultipleDocumentsHandling>
		<pwg:MultipleObjectHandling>auto</pwg:MultipleObjectHandling>
		<pwg:PrintObjects>
			<pwg:PrintObject>
				<pwg:DocumentNumber>1</pwg:DocumentNumber>
				<pwg:ObjectOffset>
					<pwg:X>0</pwg:X>
					<pwg:Y>0</pwg:Y>
					<pwg:Z>0</pwg:Z>
				</pwg:ObjectOffset>
				<pwg:ObjectSize>
					<pwg:X>1000</pwg:X>
					<pwg:Y>1000</pwg:Y>
					<pwg:Z>1000</pwg:Z>
				</pwg:ObjectSize>
				<pwg:ObjectUuid>http://example.com/object1</pwg:ObjectUuid>
			</pwg:PrintObject>
		</pwg:PrintObjects>
	</pwg:Print3DJobProcessing>
</pwg:Print3DJobTicket>
