{
   "@schemaLocation": "http://www.pwg.org/schemas/2016/12/sm PrintJobTicket.xsd",
   "Print3DDocumentProcessing": {
      "Copies": "1",
      "OutputDevice": "Device1",
      "MaterialsCol": {
         "MaterialAmount": "100",
         "MaterialAmountUnits": "ml",
         "MaterialColor": "white",
         "MaterialDiameter": {
            "Lowerbound": "95",
            "Upperbound": "105"
         },
         "MaterialFillDensity": "95",
         "MaterialKey": "NMTOKEN",
         "MaterialName": "TestMaterial",
         "MaterialPurpose": {
            "Purpose": "all"
         },
         "MaterialRate": {
            "Lowerbound": "95",
            "Upperbound": "100"
         },
         "MaterialRateUnit": "ml_second",
         "MaterialShellThickness": {
            "Lowerbound": "95",
            "Upperbound": "105"
         },
         "MaterialTemperature": {
            "Lowerbound": "95",
            "Upperbound": "105"
         },
         "MaterialType": "wax"
      },
      "PrintAccuracy": {
         "AccuracyUnits": "um",
         "X": "5",
         "Y": "5",
         "Z": "5"
      },
      "PrinterBedTemperature": "100",
      "PrintRafts": "standard",
      "PrintSupports": "standard",
      "PrintObject": "ObjectSize",
      "Quality": "Fine"
   },
   "Print3DJobDescription": {
      "CompressionSupplied": "Compress",
      "DocumentDigitalSignatureSupplied": "Pgp",
      "DocumentFormatDetailsSupplied": {
         "DocumentFormat": "application/pdf",
         "DocumentFormatDeviceId": "de6dbb0d-532a-4623-b6c7-22d2db0dec07",
         "DocumentFormatVersion": "1.7",
         "DocumentNaturalLanguage": "en-us",
         "DocumentSourceApplicationName": "Secret3DApp",
         "DocumentSourceApplicationVersion": "1.7",
         "DocumentSourceOsName": "osx",
         "DocumentSourceOsVersion": "10.11"
      },
      "DocumentFormatSupplied": "application/pdf",
      "DocumentFormatVersionSupplied": "1.7",
      "DocumentMessageSupplied": "Print Me",
      "DocumentNameSupplied": "3DPrintDocument1",
      "ElementsNaturalLanguage": "en-us",
      "JobAccountingID": "Account1",
      "JobAccountingUserID": "FirstLast",
      "JobMessageFromOperator": "G'Day",
      "JobMessageToOperator": "Hi",
      "JobMoreInfo": "http://example.com/Users/FirstLast/jobs/3DPrintJob1",
      "JobName": "3DPrintJob1",
      "JobOriginatingUserName": "FirstLast",
      "JobOriginatingUserUri": "http://example.com/Users/FirstLast",
      "KOctets": "1024"
   },
   "Print3DJobProcessing": {
      "JobDelayOutputUntil": "ThirdShift",
      "JobErrorAction": "ContinueJob",
      "JobHoldUntil": "ThirdShift",
      "JobMandatoryElements": {
         "JobMandatoryElement": "JobSaveDisposition"
      },
      "JobPhoneNumber": "tel:1-555-555-5555",
      "JobPriority": "50",
      "JobRecipientName": "First Last",
      "JobCopies": "1",
      "JobSaveDisposition": {
         "SaveDisposition": "PrintSave",
         "SaveInfo": {
            "SaveDocumentFormat": "application/pdf",
            "SaveLocation": "http://example.com/filestore",
            "SaveName": "3DPrintFile1"
         }
      },
      "OutputDevice": "Device1",
      "MultipleDocumentsHandling": "SingleDocument",
      "MultipleObjectHandling": "auto",
      "PrintObjects": {
         "PrintObject": {
            "DocumentNumber": "1",
            "ObjectOffset": {
               "X": "0",
               "Y": "0",
               "Z": "0"
            },
            "ObjectSize": {
               "X": "1000",
               "Y": "1000",
               "Z": "1000"
            },
            "ObjectUuid": "http://example.com/3Dobject1"
         }
      }
   }
}